url_path,views_total,views_unique
/Inria-NERV/happyFeat/commits/main,32,4
/Inria-NERV/happyFeat,24,12
/Inria-NERV/happyFeat/tree/main/happyfeat,21,3
/Inria-NERV/happyFeat/branches,19,1
/Inria-NERV/happyFeat/blob/e05f99afe20b37e3aea984bf1a6d4f2636b7276e/happyfeat/lib/mergeRuns.py,12,1
/Inria-NERV/happyFeat/blob/main/README.md,10,5
/Inria-NERV/happyFeat/tree/main/happyfeat/lib,10,3
/Inria-NERV/happyFeat/blob/main/happyfeat/lib/workThreads.py,6,1
/Inria-NERV/happyFeat/branches/all,5,1
/Inria-NERV/happyFeat/branches/stale,5,1
